x	y	key	PANEL	group
-16.3942310876704	0	1	1	26
-9.88896899417524	0	1	1	26
-9.53268627306707	0	1	1	26
-9.20798924806218	0	1	1	26
-8.86255622463053	0	1	1	26
-8.67571019082571	0	1	1	26
-8.57227189730676	0	1	1	26
-8.53769143374375	0	1	1	26
-8.4301125106693	0	1	1	26
-8.04700928649795	0	1	1	26
-7.73404931925761	0	1	1	26
-7.63699417418552	0	1	1	26
-7.49852505931841	0	1	1	26
-7.30905269804461	0	1	1	26
-7.11515591426854	0	1	1	26
-6.99105525015328	0	1	1	26
-6.76076706050899	0	1	1	26
-6.57191731408788	0	1	1	26
-6.54446014066494	1	1	1	26
-6.52400575076842	1	1	1	26
-6.37922883223953	2	1	1	26
-6.17998802567952	2	1	1	26
-6.07421542230863	2	1	1	26
-6.01120872775725	2	1	1	26
-5.97589216009993	2	1	1	26
-5.93061526124745	2	1	1	26
-5.90369628914601	3	1	1	26
-5.89211899693977	4	1	1	26
-5.8281553320928	4	1	1	26
-5.76701112881957	4	1	1	26
-5.73250895008199	4	1	1	26
-5.70485940853765	4	1	1	26
-5.6903811465068	5	1	1	26
-5.64605620312466	5	1	1	26
-5.55619348294714	5	1	1	26
-5.48233135905491	5	1	1	26
-5.46446499478137	5	1	1	26
-5.450161213837	6	1	1	26
-5.41931956298144	7	1	1	26
-5.38654380301211	7	1	1	26
-5.36613064619134	7	1	1	26
-5.34354019717038	7	1	1	26
-5.30814408075951	7	1	1	26
-5.28736022985932	8	1	1	26
-5.272707190951	9	1	1	26
-5.24196146421863	10	1	1	26
-5.21768371522259	10	1	1	26
-5.21019311790921	10	1	1	26
-5.19670669183196	11	1	1	26
-5.18279072244301	11	1	1	26
-5.17015533374754	12	1	1	26
-5.1316003037961	12	1	1	26
-5.09883502200646	13	1	1	26
-5.08525639542704	13	1	1	26
-5.07518213647837	13	1	1	26
-5.07286146843983	13	1	1	26
-5.06897025564521	14	1	1	26
-5.04486546482294	14	1	1	26
-5.0069879143207	14	1	1	26
-4.97248914694282	14	1	1	26
-4.93021802489656	15	1	1	26
-4.89904079273506	16	1	1	26
-4.86569719111714	16	1	1	26
-4.83171606898626	17	1	1	26
-4.81589943623578	17	1	1	26
-4.79454556932936	17	1	1	26
-4.77334896706905	18	1	1	26
-4.76169695194704	18	1	1	26
-4.72511636706101	19	1	1	26
-4.68721601090577	19	1	1	26
-4.67792395441754	19	1	1	26
-4.67127066152164	19	1	1	26
-4.66148785578343	19	1	1	26
-4.61072896253813	20	1	1	26
-4.55421114895733	20	1	1	26
-4.50422976873201	21	1	1	26
-4.45704219274004	21	1	1	26
-4.44319457888393	22	1	1	26
-4.43502392276953	22	1	1	26
-4.42187697355632	22	1	1	26
-4.41303123397322	22	1	1	26
-4.41139123549208	23	1	1	26
-4.4048494425415	23	1	1	26
-4.38213897134052	24	1	1	26
-4.34911447997972	23	1	1	26
-4.29521112925433	23	1	1	26
-4.25269920878813	23	1	1	26
-4.24396713694816	23	1	1	26
-4.21728567583655	23	1	1	26
-4.19385953350336	23	1	1	26
-4.1861884612088	23	1	1	26
-4.16779849521419	23	1	1	26
-4.15167619956301	24	1	1	26
-4.14379022715116	25	1	1	26
-4.14060980665267	25	1	1	26
-4.1328164095739	26	1	1	26
-4.12518843469889	26	1	1	26
-4.11410022166208	27	1	1	26
-4.09595090903846	27	1	1	26
-4.07458873791288	27	1	1	26
-4.05924686839433	27	1	1	26
-4.05402372840016	28	1	1	26
-4.03890296712451	28	1	1	26
-4.02421721681833	29	1	1	26
-4.00561974331927	30	1	1	26
-3.988503708807	30	1	1	26
-3.97604935042674	30	1	1	26
-3.96013028572234	31	1	1	26
-3.95124503976588	31	1	1	26
-3.93193592972907	31	1	1	26
-3.90420450639458	31	1	1	26
-3.86334912360141	31	1	1	26
-3.82516036109903	32	1	1	26
-3.80988967177283	32	1	1	26
-3.77436880382133	33	1	1	26
-3.73940415340401	33	1	1	26
-3.71990947744509	33	1	1	26
-3.7038082859213	33	1	1	26
-3.694953245908	34	1	1	26
-3.68228107974191	34	1	1	26
-3.67204467463358	34	1	1	26
-3.66572757905191	34	1	1	26
-3.66199012254789	34	1	1	26
-3.65847417981153	34	1	1	26
-3.65399906893134	34	1	1	26
-3.65097261828984	34	1	1	26
-3.64430852174955	34	1	1	26
-3.63488537205105	34	1	1	26
-3.6224252412952	35	1	1	26
-3.6094101415428	36	1	1	26
-3.60459709297685	37	1	1	26
-3.59509694067712	37	1	1	26
-3.57295292144495	37	1	1	26
-3.55687934755782	37	1	1	26
-3.55430408950661	37	1	1	26
-3.53347934927689	37	1	1	26
-3.51130510082977	37	1	1	26
-3.50231978734983	38	1	1	26
-3.48915178468726	39	1	1	26
-3.47274682145328	39	1	1	26
-3.44217245275766	39	1	1	26
-3.42208982507127	39	1	1	26
-3.42164401428989	39	1	1	26
-3.40072417006651	39	1	1	26
-3.37552758795954	39	1	1	26
-3.34467668095228	39	1	1	26
-3.31242595590748	39	1	1	26
-3.30581217325479	39	1	1	26
-3.30446221528489	39	1	1	26
-3.2989065391524	39	1	1	26
-3.29204266738706	39	1	1	26
-3.28416622670484	39	1	1	26
-3.27226966899597	40	1	1	26
-3.2657710306996	41	1	1	26
-3.26380714520975	41	1	1	26
-3.2619373733617	41	1	1	26
-3.26150509562623	42	1	1	26
-3.23859164528154	42	1	1	26
-3.20836006224648	42	1	1	26
-3.19179089059875	42	1	1	26
-3.18222501485972	43	1	1	26
-3.17098258285279	43	1	1	26
-3.15520815047901	43	1	1	26
-3.11196844710155	43	1	1	26
-3.06639994818621	43	1	1	26
-3.05756603014021	43	1	1	26
-3.04259407627809	44	1	1	26
-3.02235540547778	44	1	1	26
-3.01483189086626	44	1	1	26
-3.01392122816694	44	1	1	26
-3.01288743238285	44	1	1	26
-3.00438210681002	44	1	1	26
-2.99309993355601	44	1	1	26
-2.98581316736846	44	1	1	26
-2.97972267871085	44	1	1	26
-2.97683808092475	44	1	1	26
-2.97325362980484	43	1	1	26
-2.96769785805167	43	1	1	26
-2.96227338675373	43	1	1	26
-2.95645717400828	43	1	1	26
-2.95182340016322	43	1	1	26
-2.94758259423148	43	1	1	26
-2.94074383382074	43	1	1	26
-2.93558391890725	43	1	1	26
-2.93003963866718	43	1	1	26
-2.92179555809681	43	1	1	26
-2.90429240540645	43	1	1	26
-2.8873363266185	44	1	1	26
-2.88375799497915	44	1	1	26
-2.88113199836506	45	1	1	26
-2.86803068117863	45	1	1	26
-2.84655371301105	45	1	1	26
-2.8331084997508	45	1	1	26
-2.82889253597913	45	1	1	26
-2.82583217899799	45	1	1	26
-2.81875770882509	45	1	1	26
-2.79272828514002	45	1	1	26
-2.76227147011063	45	1	1	26
-2.7510637919304	46	1	1	26
-2.74317441055589	46	1	1	26
-2.73675145079481	46	1	1	26
-2.73420609836233	46	1	1	26
-2.72063655663716	46	1	1	26
-2.70568503992261	46	1	1	26
-2.69880185983641	46	1	1	26
-2.691137763572	47	1	1	26
-2.68185242127827	47	1	1	26
-2.65944530299798	47	1	1	26
-2.64043628064027	47	1	1	26
-2.63502788294909	47	1	1	26
-2.62298429551404	47	1	1	26
-2.61061571758964	47	1	1	26
-2.5994945306249	47	1	1	26
-2.59024210334116	48	1	1	26
-2.58699034307518	48	1	1	26
-2.58343096398148	48	1	1	26
-2.57269607186422	49	1	1	26
-2.56376984788545	50	1	1	26
-2.55617380607594	50	1	1	26
-2.54738551876845	50	1	1	26
-2.54321871007216	50	1	1	26
-2.53777867587593	50	1	1	26
-2.52591281898295	50	1	1	26
-2.51742179507675	51	1	1	26
-2.51179032521521	51	1	1	26
-2.5040114843368	51	1	1	26
-2.49886830239773	51	1	1	26
-2.49516040968784	51	1	1	26
-2.49108494896415	51	1	1	26
-2.47957021957844	51	1	1	26
-2.47065721261822	51	1	1	26
-2.46806897607486	51	1	1	26
-2.46359815543789	51	1	1	26
-2.45359738337205	51	1	1	26
-2.43933862008291	51	1	1	26
-2.4294390254734	51	1	1	26
-2.41098731962137	51	1	1	26
-2.39313911067107	51	1	1	26
-2.38965159357793	51	1	1	26
-2.38557069911189	51	1	1	26
-2.37395918293801	51	1	1	26
-2.36179704664948	52	1	1	26
-2.35240661536791	52	1	1	26
-2.34066918796287	52	1	1	26
-2.33445795122122	52	1	1	26
-2.33051202001515	52	1	1	26
-2.32236303408732	53	1	1	26
-2.31112116832945	53	1	1	26
-2.30175054321613	54	1	1	26
-2.29634169768325	54	1	1	26
-2.29302641436683	55	1	1	26
-2.29041903830273	55	1	1	26
-2.28234480332153	55	1	1	26
-2.26819205553778	55	1	1	26
-2.26005908407061	55	1	1	26
-2.24982008940427	55	1	1	26
-2.23545846867908	55	1	1	26
-2.22427328373194	55	1	1	26
-2.21577932320698	55	1	1	26
-2.21339537817389	54	1	1	26
-2.21064579322188	55	1	1	26
-2.20402714204783	55	1	1	26
-2.19476020003363	55	1	1	26
-2.18694596179882	55	1	1	26
-2.17398704764532	55	1	1	26
-2.16290856447637	55	1	1	26
-2.15586316124968	55	1	1	26
-2.14930149954772	55	1	1	26
-2.14651337692106	55	1	1	26
-2.13910197275046	55	1	1	26
-2.12880875188147	55	1	1	26
-2.12313860605146	55	1	1	26
-2.11793745498003	55	1	1	26
-2.11015363018154	56	1	1	26
-2.09281845194976	56	1	1	26
-2.07818792857285	56	1	1	26
-2.07665240777453	56	1	1	26
-2.07078600568706	56	1	1	26
-2.06410856159017	56	1	1	26
-2.06226629731154	56	1	1	26
-2.0601753505535	56	1	1	26
-2.05766018239486	57	1	1	26
-2.05634928737318	56	1	1	26
-2.04561210745709	57	1	1	26
-2.0287718968924	57	1	1	26
-2.02011954603353	57	1	1	26
-2.0167603576453	57	1	1	26
-2.00948682261273	57	1	1	26
-2.00069683196073	57	1	1	26
-1.99728802896932	57	1	1	26
-1.99633568289266	57	1	1	26
-1.99509437527014	57	1	1	26
-1.99330731205418	57	1	1	26
-1.98975534553587	57	1	1	26
-1.984493408511	58	1	1	26
-1.98149270895712	58	1	1	26
-1.98062712693322	58	1	1	26
-1.97675723530496	58	1	1	26
-1.9717592368551	58	1	1	26
-1.96572633104257	58	1	1	26
-1.95653865576408	58	1	1	26
-1.94678701381235	58	1	1	26
-1.9409174597388	58	1	1	26
-1.93597118410116	58	1	1	26
-1.92809119271215	58	1	1	26
-1.92135173332517	59	1	1	26
-1.91022204397911	59	1	1	26
-1.89639587048054	60	1	1	26
-1.87454309344455	61	1	1	26
-1.85792780511388	61	1	1	26
-1.85663135463987	62	1	1	26
-1.84702457633791	62	1	1	26
-1.835053617894	62	1	1	26
-1.82785106579089	62	1	1	26
-1.8215341076664	62	1	1	26
-1.81531094018568	62	1	1	26
-1.81147407498229	62	1	1	26
-1.81076180294299	62	1	1	26
-1.80942022378817	62	1	1	26
-1.80824491260402	63	1	1	26
-1.80216489657658	63	1	1	26
-1.7951560974052	63	1	1	26
-1.78930612602277	64	1	1	26
-1.77520991892452	64	1	1	26
-1.76066895836549	64	1	1	26
-1.75286601609044	64	1	1	26
-1.74444639400427	64	1	1	26
-1.73894365397847	64	1	1	26
-1.73795672852176	64	1	1	26
-1.73209794694043	64	1	1	26
-1.72345728367591	64	1	1	26
-1.71904287476116	64	1	1	26
-1.71372387299338	64	1	1	26
-1.70905294081251	64	1	1	26
-1.69693656452899	64	1	1	26
-1.68414913032534	64	1	1	26
-1.67985181008809	64	1	1	26
-1.67384008029698	64	1	1	26
-1.66302357122597	65	1	1	26
-1.64765108735037	65	1	1	26
-1.63954302533045	65	1	1	26
-1.63425380153524	65	1	1	26
-1.6257493462593	65	1	1	26
-1.6205564638645	65	1	1	26
-1.61625493650843	65	1	1	26
-1.60345559196259	65	1	1	26
-1.59104988033232	65	1	1	26
-1.58497566775065	65	1	1	26
-1.58087396719282	65	1	1	26
-1.57114976475011	65	1	1	26
-1.55622269493163	65	1	1	26
-1.53403970047683	65	1	1	26
-1.51319978494275	65	1	1	26
-1.50388155402289	65	1	1	26
-1.49805144443851	65	1	1	26
-1.4954241792261	65	1	1	26
-1.49261563702738	65	1	1	26
-1.49061122758412	65	1	1	26
-1.4902138990702	65	1	1	26
-1.48832453757232	65	1	1	26
-1.48056250682994	65	1	1	26
-1.47434023657257	65	1	1	26
-1.47296195227177	64	1	1	26
-1.47162983901543	64	1	1	26
-1.47126811260167	64	1	1	26
-1.47087642344218	65	1	1	26
-1.46575078600761	65	1	1	26
-1.45423504120762	66	1	1	26
-1.44489539309626	66	1	1	26
-1.43591123536717	66	1	1	26
-1.42053007656836	66	1	1	26
-1.40757979074029	66	1	1	26
-1.40076319810554	66	1	1	26
-1.39597029301951	66	1	1	26
-1.39085823292317	66	1	1	26
-1.38054578601271	66	1	1	26
-1.37311264723141	66	1	1	26
-1.37148825046365	66	1	1	26
-1.36856749014965	66	1	1	26
-1.36519194801991	66	1	1	26
-1.36247018724122	66	1	1	26
-1.35735259944463	67	1	1	26
-1.34852526240695	67	1	1	26
-1.34215476944609	67	1	1	26
-1.33936863398827	67	1	1	26
-1.33669059471063	67	1	1	26
-1.33259672642626	67	1	1	26
-1.32062339710713	67	1	1	26
-1.31067349604274	67	1	1	26
-1.30752412243694	68	1	1	26
-1.30215239101549	69	1	1	26
-1.29886497557897	68	1	1	26
-1.29615866253875	68	1	1	26
-1.29278795462628	68	1	1	26
-1.28545095210793	68	1	1	26
-1.27893149424405	68	1	1	26
-1.27700858687768	68	1	1	26
-1.26967004185459	68	1	1	26
-1.26016025993143	68	1	1	26
-1.2538161303065	68	1	1	26
-1.24575166946132	68	1	1	26
-1.22684314716841	68	1	1	26
-1.21296501822569	67	1	1	26
-1.20966335358682	67	1	1	26
-1.20274184076682	67	1	1	26
-1.19063419949009	67	1	1	26
-1.17724534384534	67	1	1	26
-1.17065831555744	67	1	1	26
-1.16914351578199	67	1	1	26
-1.16802382989177	67	1	1	26
-1.16537020977652	67	1	1	26
-1.1598421561312	67	1	1	26
-1.14976803884784	67	1	1	26
-1.14094966610019	67	1	1	26
-1.13232875677582	67	1	1	26
-1.12105076619116	67	1	1	26
-1.11564084673091	67	1	1	26
-1.11273030545677	67	1	1	26
-1.10821920298979	67	1	1	26
-1.10410803542616	68	1	1	26
-1.09671722075788	68	1	1	26
-1.08698358529469	68	1	1	26
-1.07954065327972	68	1	1	26
-1.07613627866369	68	1	1	26
-1.07474573245846	68	1	1	26
-1.06353882440199	68	1	1	26
-1.05137357450846	68	1	1	26
-1.046984328668	69	1	1	26
-1.04012078377008	70	1	1	26
-1.0295351633566	70	1	1	26
-1.02241627936761	70	1	1	26
-1.02113649997633	70	1	1	26
-1.01817547381191	70	1	1	26
-1.01452078739549	70	1	1	26
-1.00274602414778	70	1	1	26
-0.989985321369072	70	1	1	26
-0.987755227167232	70	1	1	26
-0.98737302824436	70	1	1	26
-0.986519602711076	71	1	1	26
-0.980944103929706	71	1	1	26
-0.971235186262993	71	1	1	26
-0.966290702223748	71	1	1	26
-0.958958884366808	72	1	1	26
-0.951480531055971	72	1	1	26
-0.950274447759833	72	1	1	26
-0.945113302677598	72	1	1	26
-0.937334941280407	73	1	1	26
-0.931725849734852	73	1	1	26
-0.926540846661293	73	1	1	26
-0.913852153123725	73	1	1	26
-0.897970935692275	73	1	1	26
-0.889568217269127	73	1	1	26
-0.885138597320662	73	1	1	26
-0.877820774928389	73	1	1	26
-0.872414889789397	73	1	1	26
-0.862759088578144	73	1	1	26
-0.850799795361987	73	1	1	26
-0.839849443217458	73	1	1	26
-0.830151523338888	73	1	1	26
-0.828810445133355	74	1	1	26
-0.828577846354862	74	1	1	26
-0.826799250909515	74	1	1	26
-0.821584262023125	75	1	1	26
-0.813143678083362	76	1	1	26
-0.802888208866761	76	1	1	26
-0.795631429955819	76	1	1	26
-0.781211208677011	76	1	1	26
-0.76842952608298	76	1	1	26
-0.766444881766667	76	1	1	26
-0.76177087425592	76	1	1	26
-0.751355111152265	78	1	1	26
-0.742155505944001	78	1	1	26
-0.736545240354728	78	1	1	26
-0.732269408570892	78	1	1	26
-0.72310780895685	78	1	1	26
-0.710475427125459	78	1	1	26
-0.70472637236972	79	1	1	26
-0.70165210707752	79	1	1	26
-0.679414164052337	80	1	1	26
-0.657187072377711	80	1	1	26
-0.653785445060223	79	1	1	26
-0.65013722797422	79	1	1	26
-0.648318173321312	79	1	1	26
-0.646803525610377	79	1	1	26
-0.64150586904391	79	1	1	26
-0.636170623491195	80	1	1	26
-0.63509819782932	80	1	1	26
-0.629084274340448	80	1	1	26
-0.614407682026711	81	1	1	26
-0.603886658438397	81	1	1	26
-0.599840954763424	81	1	1	26
-0.596159122284615	81	1	1	26
-0.588336244923168	81	1	1	26
-0.581912333978325	81	1	1	26
-0.57707230318524	81	1	1	26
-0.56990539047673	81	1	1	26
-0.566597833240342	81	1	1	26
-0.564326525715483	81	1	1	26
-0.560560596874215	82	1	1	26
-0.556335112232965	82	1	1	26
-0.55275847828824	82	1	1	26
-0.545506804406092	82	1	1	26
-0.536740000673467	82	1	1	26
-0.530847933147134	81	1	1	26
-0.527253947360254	81	1	1	26
-0.523904885701162	81	1	1	26
-0.519130480772427	81	1	1	26
-0.515187824765975	81	1	1	26
-0.512208533354638	81	1	1	26
-0.510464880531161	81	1	1	26
-0.509035289965189	81	1	1	26
-0.505984692733563	81	1	1	26
-0.503844398193087	81	1	1	26
-0.503487577914185	81	1	1	26
-0.497979742252852	82	1	1	26
-0.491779825132797	82	1	1	26
-0.490528283395444	82	1	1	26
-0.48212700575375	82	1	1	26
-0.471805058095273	82	1	1	26
-0.468086357382633	82	1	1	26
-0.464697207491645	83	1	1	26
-0.457052610740285	83	1	1	26
-0.45082528167296	83	1	1	26
-0.449637815493356	83	1	1	26
-0.448208994697337	83	1	1	26
-0.444709864862688	83	1	1	26
-0.439802408966883	83	1	1	26
-0.434822541050091	83	1	1	26
-0.418863809896176	83	1	1	26
-0.40408296089527	84	1	1	26
-0.39982709228485	85	1	1	26
-0.39611257371642	85	1	1	26
-0.389427916459525	85	1	1	26
-0.377029724235894	85	1	1	26
-0.367191079725794	85	1	1	26
-0.363048304486356	85	1	1	26
-0.361824394445246	85	1	1	26
-0.358273749934565	85	1	1	26
-0.351223296157488	85	1	1	26
-0.344153104758168	84	1	1	26
-0.338181446132235	82	1	1	26
-0.33511633490109	81	1	1	26
-0.333825760416516	80	1	1	26
-0.327787220671783	79	1	1	26
-0.321882241781699	78	1	1	26
-0.320884619685606	78	1	1	26
-0.314491604742337	77	1	1	26
-0.304809687553634	76	1	1	26
-0.300932392794654	74	1	1	26
-0.298496949695777	73	1	1	26
-0.296309823806015	72	1	1	26
-0.295671684267377	71	1	1	26
-0.293283882276477	70	1	1	26
-0.290365924380123	69	1	1	26
-0.284835737615668	68	1	1	26
-0.272687774595005	66	1	1	26
-0.262652238757408	65	1	1	26
-0.257260386299245	62	1	1	26
-0.252626060303054	60	1	1	26
-0.240605455683642	59	1	1	26
-0.22920963375454	58	1	1	26
-0.226331972540879	57	1	1	26
-0.222798633433107	56	1	1	26
-0.219320934561087	55	1	1	26
-0.217117753665882	54	1	1	26
-0.213494987295567	53	1	1	26
-0.204889766441515	52	1	1	26
-0.188571238461225	51	1	1	26
-0.17655682930806	50	1	1	26
-0.175123828549557	49	1	1	26
-0.170890609626903	48	1	1	26
-0.166766893174565	46	1	1	26
-0.163869119113248	45	1	1	26
-0.157949224858644	44	1	1	26
-0.15441240905492	42	1	1	26
-0.154060164892732	41	1	1	26
-0.150090293135952	40	1	1	26
-0.142485015836777	39	1	1	26
-0.135508280324725	38	1	1	26
-0.127777367884155	37	1	1	26
-0.113046854499792	36	1	1	26
-0.100825847965813	35	1	1	26
-0.0973529666505257	33	1	1	26
-0.0870827169048809	32	1	1	26
-0.076750360574235	31	1	1	26
-0.0741268857370967	30	1	1	26
-0.0713421397773444	30	1	1	26
-0.0692078918249277	29	1	1	26
-0.0655056261981084	28	1	1	26
-0.0474785973984382	27	1	1	26
-0.0316767878352975	26	1	1	26
-0.0275782370438922	25	1	1	26
-0.0230836793283542	24	1	1	26
-0.0191932740016139	23	1	1	26
-0.0115748494850543	22	1	1	26
0	20	1	1	26
0.00763035895960718	20	1	1	26
0.0126814292734481	19	1	1	26
0.0191932740016156	19	1	1	26
0.0230836793283551	21	1	1	26
0.0275782370438931	21	1	1	26
0.0316767878352984	21	1	1	26
0.0474785973984377	21	1	1	26
0.0655056261981071	21	1	1	26
0.0692078918249273	21	1	1	26
0.071246225897073	24	1	1	26
0.0740309718568257	24	1	1	26
0.076750360574235	24	1	1	26
0.0828046774847118	24	1	1	26
0.0917140591759575	24	1	1	26
0.0973529666505253	24	1	1	26
0.100825847965812	24	1	1	26
0.113046854499792	24	1	1	26
0.134754103396208	24	1	1	26
0.150090293135953	24	1	1	26
0.154060164892733	24	1	1	26
0.15441240905492	24	1	1	26
0.156625153525835	24	1	1	26
0.16254504778044	23	1	1	26
0.167843854405023	23	1	1	26
0.170630215214093	22	1	1	26
0.173282581347368	22	1	1	26
0.175123828549558	22	1	1	26
0.176556829308061	22	1	1	26
0.178090639930813	23	1	1	26
0.182732922289976	23	1	1	26
0.197886302340223	24	1	1	26
0.20956254796135	23	1	1	26
0.213745760838536	23	1	1	26
0.217849819671961	23	1	1	26
0.22132751854398	24	1	1	26
0.24214551533088	24	1	1	26
0.267333052115301	24	1	1	26
0.277330412420758	24	1	1	26
0.284580956948235	24	1	1	26
0.291873417859515	24	1	1	26
0.29479137575587	24	1	1	26
0.295671684267377	24	1	1	26
0.296309823806015	24	1	1	26
0.304568970932785	27	1	1	26
0.316686331220366	27	1	1	26
0.321304055688621	27	1	1	26
0.322301677784713	27	1	1	26
0.327787220671782	28	1	1	26
0.333825760416514	31	1	1	26
0.335116334901089	32	1	1	26
0.342381865101045	32	1	1	26
0.35192374690607	32	1	1	26
0.359401247347845	31	1	1	26
0.367191079725796	31	1	1	26
0.380177589593893	31	1	1	26
0.392575781817522	34	1	1	26
0.403462868566975	37	1	1	26
0.414548890822895	37	1	1	26
0.422641705136338	37	1	1	26
0.432809700449263	37	1	1	26
0.439802408966882	37	1	1	26
0.446138685658708	37	1	1	26
0.450972690929731	38	1	1	26
0.453341802883037	38	1	1	26
0.455751939566047	38	1	1	26
0.458315168199548	38	1	1	26
0.461413414087383	38	1	1	26
0.468480385528628	38	1	1	26
0.482191483078093	37	1	1	26
0.490528283395445	39	1	1	26
0.49395263327869	39	1	1	26
0.50031432494876	38	1	1	26
0.503844398193087	38	1	1	26
0.5070900411536	40	1	1	26
0.518077767834417	40	1	1	26
0.53851649583993	40	1	1	26
0.55275847828824	40	1	1	26
0.568248629103705	40	1	1	26
0.583592766322915	40	1	1	26
0.589930615218902	40	1	1	26
0.596159122284615	40	1	1	26
0.601689854425048	40	1	1	26
0.609374301791008	40	1	1	26
0.61433596798138	40	1	1	26
0.621291411391505	40	1	1	26
0.646367025603571	39	1	1	26
0.675267577767907	39	1	1	26
0.687376408736832	38	1	1	26
0.698367184203423	41	1	1	26
0.722389680501968	41	1	1	26
0.739297894117192	41	1	1	26
0.741043669420709	41	1	1	26
0.752501322781587	42	1	1	26
0.770496625933692	42	1	1	26
0.779779393713277	41	1	1	26
0.795175510158997	41	1	1	26
0.814340203622969	41	1	1	26
0.826758119716431	41	1	1	26
0.833698227117867	40	1	1	26
0.837144429749254	40	1	1	26
0.844225447923614	40	1	1	26
0.860262644799217	40	1	1	26
0.872903429208066	42	1	1	26
0.879854310585043	42	1	1	26
0.895086311981794	43	1	1	26
0.927036194250899	46	1	1	26
0.95285201935247	45	1	1	26
0.96042108416775	47	1	1	26
0.965542542542376	47	1	1	26
0.98247265234838	47	1	1	26
1.0125527572652	50	1	1	26
1.02715404499947	51	1	1	26
1.0289149449739	51	1	1	26
1.03277881791795	53	1	1	26
1.04136983896722	53	1	1	26
1.06277508258496	53	1	1	26
1.07884144617095	53	1	1	26
1.08013541844298	53	1	1	26
1.08695858208086	53	1	1	26
1.09373657437679	53	1	1	26
1.09833215593193	52	1	1	26
1.10193589477172	52	1	1	26
1.10604706233535	52	1	1	26
1.11688209170566	52	1	1	26
1.12497007833778	51	1	1	26
1.13880213242438	52	1	1	26
1.15383985065635	51	1	1	26
1.16171290140077	52	1	1	26
1.16802382989177	52	1	1	26
1.18441372699305	52	1	1	26
1.21525619920082	52	1	1	26
1.23167104826703	52	1	1	26
1.24897604572331	50	1	1	26
1.26602075921505	50	1	1	26
1.28848613775112	50	1	1	26
1.31112750786932	50	1	1	26
1.31859876869039	50	1	1	26
1.33011544008542	50	1	1	26
1.34976579606497	51	1	1	26
1.38152466111768	48	1	1	26
1.40363165188528	49	1	1	26
1.41413429078605	49	1	1	26
1.4205289005072	47	1	1	26
1.43291077360186	47	1	1	26
1.45037399056551	47	1	1	26
1.45909095276018	47	1	1	26
1.46466970573822	47	1	1	26
1.47075476819744	47	1	1	26
1.47794051008117	47	1	1	26
1.48641214537264	47	1	1	26
1.49261563702738	47	1	1	26
1.49536883060787	47	1	1	26
1.49804484101308	48	1	1	26
1.50888154947191	48	1	1	26
1.51940293031168	48	1	1	26
1.52994804745557	48	1	1	26
1.54108875791154	48	1	1	26
1.54345234172771	46	1	1	26
1.55790351225633	46	1	1	26
1.57581054639261	46	1	1	26
1.58694817977449	46	1	1	26
1.59786991837815	49	1	1	26
1.60526729296467	49	1	1	26
1.627074317589	49	1	1	26
1.64565555427302	49	1	1	26
1.64927559377491	49	1	1	26
1.65262207973644	48	1	1	26
1.65843201400122	48	1	1	26
1.66605624013863	48	1	1	26
1.67522043885532	48	1	1	26
1.69058432412119	45	1	1	26
1.69955603311903	45	1	1	26
1.70936685527073	45	1	1	26
1.73313758186235	46	1	1	26
1.74808731647856	46	1	1	26
1.75203982018475	46	1	1	26
1.76914790726705	46	1	1	26
1.7825912638457	48	1	1	26
1.78380257254331	48	1	1	26
1.78948558938651	48	1	1	26
1.79432747528166	45	1	1	26
1.79628635691626	45	1	1	26
1.79843431811748	45	1	1	26
1.80580104311466	42	1	1	26
1.81591962778637	42	1	1	26
1.81919437713067	42	1	1	26
1.82350117354613	42	1	1	26
1.82846125669031	42	1	1	26
1.83304895169233	42	1	1	26
1.837631151187	39	1	1	26
1.8432916740136	39	1	1	26
1.84837549704273	39	1	1	26
1.85340484984105	39	1	1	26
1.86095248363153	39	1	1	26
1.86476469033109	39	1	1	26
1.87122817762828	39	1	1	26
1.88151230229437	39	1	1	26
1.89057542647392	37	1	1	26
1.90061981655471	37	1	1	26
1.91614411179596	37	1	1	26
1.95628979704747	34	1	1	26
1.98708710826845	36	1	1	26
1.98800213094297	36	1	1	26
1.99270484442744	36	1	1	26
1.99815013751953	36	1	1	26
2.01790542390095	36	1	1	26
2.04463216799428	33	1	1	26
2.05494875041179	34	1	1	26
2.06974788716711	34	1	1	26
2.0854708281558	34	1	1	26
2.10366088633093	34	1	1	26
2.12434322220727	34	1	1	26
2.14396556939391	34	1	1	26
2.16765530488058	32	1	1	26
2.17811883047809	32	1	1	26
2.18474510879039	32	1	1	26
2.19900505181307	32	1	1	26
2.20898838335474	29	1	1	26
2.21830871078353	29	1	1	26
2.24929631631211	29	1	1	26
2.27928188018515	27	1	1	26
2.31425213980823	27	1	1	26
2.35001352160111	27	1	1	26
2.35840076009393	27	1	1	26
2.35988995839821	27	1	1	26
2.36723276662967	27	1	1	26
2.37868821986119	25	1	1	26
2.39538023272949	22	1	1	26
2.40981202082672	22	1	1	26
2.41753852629375	22	1	1	26
2.4285555633182	22	1	1	26
2.44208414233013	25	1	1	26
2.45502867078793	25	1	1	26
2.46539264987868	25	1	1	26
2.47134484658967	24	1	1	26
2.47433851570211	21	1	1	26
2.49692998887749	21	1	1	26
2.52817687520953	20	1	1	26
2.55871867316178	20	1	1	26
2.58141071999004	22	1	1	26
2.58719055890276	22	1	1	26
2.59381755835851	22	1	1	26
2.59807059092857	22	1	1	26
2.61299456490575	22	1	1	26
2.6734980576333	22	1	1	26
2.72402807083383	22	1	1	26
2.73098336725643	22	1	1	26
2.73605474435183	22	1	1	26
2.77133786971384	22	1	1	26
2.81812314186852	22	1	1	26
2.83430960443562	22	1	1	26
2.8388964156987	22	1	1	26
2.84646012269011	24	1	1	26
2.86488223971945	18	1	1	26
2.8799853458812	18	1	1	26
2.89252396731168	17	1	1	26
2.90405627251274	17	1	1	26
2.92973813944695	17	1	1	26
2.95921098032435	17	1	1	26
2.99029355473739	17	1	1	26
3.01923796356342	17	1	1	26
3.02600324574795	17	1	1	26
3.03226220904697	17	1	1	26
3.04890505813703	15	1	1	26
3.06655872807596	15	1	1	26
3.07836955657327	15	1	1	26
3.1056837111607	16	1	1	26
3.16342332837889	16	1	1	26
3.2109712306576	16	1	1	26
3.22603957769333	16	1	1	26
3.23858342693918	16	1	1	26
3.26204626169975	16	1	1	26
3.29059865813937	11	1	1	26
3.31983780593594	11	1	1	26
3.34109844488937	11	1	1	26
3.3626222036245	9	1	1	26
3.3947802172899	9	1	1	26
3.43539798843365	6	1	1	26
3.48702991184716	3	1	1	26
3.52164134533309	3	1	1	26
3.54231185608559	3	1	1	26
3.82904098994826	3	1	1	26
4.38693160664224	3	1	1	26
4.70191341978577	3	1	1	26
4.74278191551573	3	1	1	26
12.0255107838507	0	1	1	26
-16.3942310876704	0	1	2	26
-9.30443570315228	0	1	2	26
-8.63896899417524	0	1	2	26
-8.04252253908514	0	1	2	26
-7.7484006421536	0	1	2	26
-7.52697414478577	0	1	2	26
-7.5161297272627	0	1	2	26
-7.4212697185874	0	1	2	26
-7.31783142506845	0	1	2	26
-7.2897601961177	0	1	2	26
-7.18662174528155	0	1	2	26
-7.05144975873625	0	1	2	26
-7.00334617009574	0	1	2	26
-6.96681866374986	0	1	2	26
-6.82252181291172	0	1	2	26
-6.7083552162458	0	1	2	26
-6.62384137884993	0	1	2	26
-6.52435727963963	0	1	2	26
-6.4115327237077	0	1	2	26
-6.31223300904756	0	1	2	26
-6.29391061876516	1	1	2	26
-6.105202669036	1	1	2	26
-5.92180865591755	1	1	2	26
-5.90213846228753	1	1	2	26
-5.83433327080026	1	1	2	26
-5.6980162177029	1	1	2	26
-5.60222211763135	1	1	2	26
-5.57233192675002	1	1	2	26
-5.53977046000302	1	1	2	26
-5.4928189531823	2	1	2	26
-5.41965690800654	2	1	2	26
-5.34998691807188	2	1	2	26
-5.30661261815074	2	1	2	26
-5.27719659241508	3	1	2	26
-5.25406031230715	3	1	2	26
-5.22308222032051	3	1	2	26
-5.20600832422419	3	1	2	26
-5.1934662976116	4	1	2	26
-5.16639164593952	5	1	2	26
-5.11403653659577	5	1	2	26
-5.07471474646801	5	1	2	26
-5.06897025564521	6	1	2	26
-5.06101607313117	6	1	2	26
-5.04055655790605	6	1	2	26
-4.973236417072	6	1	2	26
-4.91280340266079	6	1	2	26
-4.89211899693977	7	1	2	26
-4.87019099919699	7	1	2	26
-4.81905875421998	7	1	2	26
-4.76821445667668	8	1	2	26
-4.74493977048399	8	1	2	26
-4.72811076227527	8	1	2	26
-4.71372394862739	8	1	2	26
-4.68783963120706	9	1	2	26
-4.67127066152164	9	1	2	26
-4.66191265080738	9	1	2	26
-4.652181448224	10	1	2	26
-4.62746217970483	10	1	2	26
-4.53496160419766	11	1	2	26
-4.46385131427978	12	1	2	26
-4.46161182865094	13	1	2	26
-4.44514054637687	13	1	2	26
-4.41386344356067	13	1	2	26
-4.38031438916991	14	1	2	26
-4.35024664951404	14	1	2	26
-4.33538368001032	15	1	2	26
-4.31034152376034	15	1	2	26
-4.24880611918715	16	1	2	26
-4.20761162783431	17	1	2	26
-4.2038082859213	17	1	2	26
-4.19789480024142	18	1	2	26
-4.19108452609065	18	1	2	26
-4.17967501553254	19	1	2	26
-4.15674844668437	19	1	2	26
-4.13875717266964	19	1	2	26
-4.11424725976939	19	1	2	26
-4.09089696839936	19	1	2	26
-4.08648025556588	19	1	2	26
-4.08083968259356	20	1	2	26
-4.07596742559078	20	1	2	26
-4.07156642073483	20	1	2	26
-4.06403735988972	20	1	2	26
-4.05926549650935	20	1	2	26
-4.05515811692383	20	1	2	26
-4.04568627165398	20	1	2	26
-4.02770187343225	21	1	2	26
-4.01251096060442	21	1	2	26
-4.00914600584803	22	1	2	26
-3.99764800499052	22	1	2	26
-3.97900213155021	22	1	2	26
-3.96882641362064	22	1	2	26
-3.96423515849812	22	1	2	26
-3.95654120112001	22	1	2	26
-3.95039683286063	22	1	2	26
-3.94200033395253	22	1	2	26
-3.91954244972797	22	1	2	26
-3.89262741552525	23	1	2	26
-3.87504184226342	23	1	2	26
-3.84747409734234	23	1	2	26
-3.81435916002375	23	1	2	26
-3.79815543002826	23	1	2	26
-3.7907879693672	23	1	2	26
-3.77136141067751	24	1	2	26
-3.74718115770511	25	1	2	26
-3.74021514702915	25	1	2	26
-3.73973449328929	25	1	2	26
-3.71998403787413	25	1	2	26
-3.69577549431314	25	1	2	26
-3.69104504321742	25	1	2	26
-3.6895471754981	25	1	2	26
-3.67485827670555	25	1	2	26
-3.66017299202104	26	1	2	26
-3.65589477729133	26	1	2	26
-3.65065366321669	27	1	2	26
-3.64446316468986	27	1	2	26
-3.6403573293382	27	1	2	26
-3.63596620697306	28	1	2	26
-3.62869002828563	29	1	2	26
-3.62482703662453	29	1	2	26
-3.62312750066302	29	1	2	26
-3.61554648867203	29	1	2	26
-3.60776266387354	29	1	2	26
-3.59669141547349	29	1	2	26
-3.57995836360891	29	1	2	26
-3.56104393048401	29	1	2	26
-3.53220771930404	29	1	2	26
-3.51251624579504	29	1	2	26
-3.50320012304285	30	1	2	26
-3.49361027122527	30	1	2	26
-3.48577545662673	30	1	2	26
-3.48097136737793	30	1	2	26
-3.47368663210092	31	1	2	26
-3.46288729455608	32	1	2	26
-3.44705645316305	32	1	2	26
-3.43409059256286	32	1	2	26
-3.42769599774316	32	1	2	26
-3.41553573709589	32	1	2	26
-3.40042249373543	32	1	2	26
-3.38819395769729	32	1	2	26
-3.37766480816939	32	1	2	26
-3.36831500573684	32	1	2	26
-3.34058428361542	31	1	2	26
-3.30777985907507	31	1	2	26
-3.2956754552004	31	1	2	26
-3.29052829904351	31	1	2	26
-3.27087938230737	31	1	2	26
-3.25059313460405	31	1	2	26
-3.24904612871582	31	1	2	26
-3.23362898986782	31	1	2	26
-3.2147251154777	31	1	2	26
-3.20998909258411	31	1	2	26
-3.20391031497662	31	1	2	26
-3.19719643345334	31	1	2	26
-3.19558365001558	32	1	2	26
-3.19318594057634	33	1	2	26
-3.18676419416057	33	1	2	26
-3.18071476971856	34	1	2	26
-3.17160049578949	34	1	2	26
-3.16235615213827	34	1	2	26
-3.15333138125829	34	1	2	26
-3.14379022715116	35	1	2	26
-3.13984109807477	35	1	2	26
-3.13738558766307	36	1	2	26
-3.13273282375579	36	1	2	26
-3.12704314090114	36	1	2	26
-3.11823013179655	37	1	2	26
-3.10087912739111	37	1	2	26
-3.08723289734479	38	1	2	26
-3.07904920654841	38	1	2	26
-3.06814213610812	38	1	2	26
-3.05961776747578	38	1	2	26
-3.04290362569175	38	1	2	26
-3.02156522592898	38	1	2	26
-3.00879018663278	38	1	2	26
-2.99287761172189	38	1	2	26
-2.97933196370958	38	1	2	26
-2.96559942472556	37	1	2	26
-2.95115017481669	37	1	2	26
-2.93636309410217	37	1	2	26
-2.92471401450366	37	1	2	26
-2.92019198518137	38	1	2	26
-2.9051137161367	38	1	2	26
-2.89213259276863	38	1	2	26
-2.88659268507851	39	1	2	26
-2.8756679129418	40	1	2	26
-2.83808787333571	41	1	2	26
-2.79273351295133	42	1	2	26
-2.77251516389384	43	1	2	26
-2.76563853746178	43	1	2	26
-2.76383012191399	43	1	2	26
-2.7625570867038	43	1	2	26
-2.75821869645288	43	1	2	26
-2.74772803193777	43	1	2	26
-2.73583022461721	43	1	2	26
-2.73072474758202	43	1	2	26
-2.7251231468407	43	1	2	26
-2.71867168299062	43	1	2	26
-2.71198454164427	43	1	2	26
-2.70540713011559	43	1	2	26
-2.70015001373933	43	1	2	26
-2.69565793491975	43	1	2	26
-2.69437906937541	43	1	2	26
-2.69184479577184	43	1	2	26
-2.68882407721469	43	1	2	26
-2.68561100672455	43	1	2	26
-2.68351486583446	43	1	2	26
-2.68299038305356	43	1	2	26
-2.68168468216393	43	1	2	26
-2.67766256320161	44	1	2	26
-2.67153908486654	44	1	2	26
-2.66851979212733	45	1	2	26
-2.66832281646912	45	1	2	26
-2.66598189251708	45	1	2	26
-2.66216646573321	45	1	2	26
-2.6587304947483	45	1	2	26
-2.65681899811625	46	1	2	26
-2.64733497239105	46	1	2	26
-2.62868751367635	46	1	2	26
-2.6162273829205	46	1	2	26
-2.60819760833966	47	1	2	26
-2.59476888642365	47	1	2	26
-2.58395208469119	47	1	2	26
-2.5793196017017	47	1	2	26
-2.57541291450614	48	1	2	26
-2.56991790312405	48	1	2	26
-2.56249737281989	48	1	2	26
-2.55687934755782	48	1	2	26
-2.55430408950661	48	1	2	26
-2.53738384358397	48	1	2	26
-2.51983866063916	49	1	2	26
-2.51794627566652	49	1	2	26
-2.51178263603474	50	1	2	26
-2.50634571718611	50	1	2	26
-2.49825110165027	50	1	2	26
-2.48903089813649	51	1	2	26
-2.48548881580383	51	1	2	26
-2.48024188012142	51	1	2	26
-2.47347631485844	51	1	2	26
-2.46313558177936	51	1	2	26
-2.45639535032799	51	1	2	26
-2.45408275295156	51	1	2	26
-2.45071605171888	51	1	2	26
-2.44072082346915	51	1	2	26
-2.43066809704719	51	1	2	26
-2.4279209796527	52	1	2	26
-2.4239295835534	52	1	2	26
-2.41095115413892	53	1	2	26
-2.39800889020689	53	1	2	26
-2.39512984519681	53	1	2	26
-2.39276145381096	53	1	2	26
-2.38960485388817	54	1	2	26
-2.38200350735361	54	1	2	26
-2.36658377787922	54	1	2	26
-2.3571907775747	55	1	2	26
-2.35509005088958	55	1	2	26
-2.34996332456593	55	1	2	26
-2.34227208646316	55	1	2	26
-2.33566324694017	55	1	2	26
-2.32877680627456	55	1	2	26
-2.31526977745307	55	1	2	26
-2.30453887688897	55	1	2	26
-2.29837581435748	55	1	2	26
-2.2797600329962	55	1	2	26
-2.26360821209331	55	1	2	26
-2.26087417709257	56	1	2	26
-2.25656562488078	56	1	2	26
-2.25129711589848	56	1	2	26
-2.24815233361501	56	1	2	26
-2.24288455255204	56	1	2	26
-2.23894365397847	56	1	2	26
-2.23573788131927	56	1	2	26
-2.22657391081032	56	1	2	26
-2.21746039226465	56	1	2	26
-2.21263082256652	55	1	2	26
-2.20988123761451	56	1	2	26
-2.2052955283767	56	1	2	26
-2.20059240217	56	1	2	26
-2.19295725651916	56	1	2	26
-2.1844600568762	56	1	2	26
-2.17868448648745	56	1	2	26
-2.17260361881754	56	1	2	26
-2.16585322712449	56	1	2	26
-2.16110398654261	56	1	2	26
-2.15431340396813	57	1	2	26
-2.13945795035635	57	1	2	26
-2.12726937924578	57	1	2	26
-2.12220979240925	57	1	2	26
-2.1114940342984	57	1	2	26
-2.09514089553235	57	1	2	26
-2.08728577299111	57	1	2	26
-2.07742644788961	57	1	2	26
-2.06822505024841	57	1	2	26
-2.06543727493732	57	1	2	26
-2.06056059687421	58	1	2	26
-2.05724860188061	58	1	2	26
-2.0529155008977	58	1	2	26
-2.0427900859562	58	1	2	26
-2.02641135854614	58	1	2	26
-2.01249812009315	58	1	2	26
-2.00470988712412	58	1	2	26
-1.99770484014097	58	1	2	26
-1.99182410698075	58	1	2	26
-1.98633563811442	58	1	2	26
-1.98259662219077	58	1	2	26
-1.97902500307926	58	1	2	26
-1.97374099939465	58	1	2	26
-1.96961931339001	58	1	2	26
-1.96416519788653	58	1	2	26
-1.95712051251525	58	1	2	26
-1.94950365353775	58	1	2	26
-1.9400374313755	58	1	2	26
-1.92663343589163	58	1	2	26
-1.91655226382799	58	1	2	26
-1.89245560751197	58	1	2	26
-1.86793027417463	58	1	2	26
-1.86552421975746	58	1	2	26
-1.86353297026668	58	1	2	26
-1.85925957155504	58	1	2	26
-1.85033893920446	59	1	2	26
-1.84215476944609	59	1	2	26
-1.83720923294164	59	1	2	26
-1.83294532959432	60	1	2	26
-1.82934205166107	60	1	2	26
-1.81978747063001	60	1	2	26
-1.81214978829246	60	1	2	26
-1.81131690407408	60	1	2	26
-1.80981335247896	60	1	2	26
-1.80480968755363	60	1	2	26
-1.79975004452743	60	1	2	26
-1.79763601247822	60	1	2	26
-1.79663369349634	60	1	2	26
-1.79234217741576	60	1	2	26
-1.78357369673246	60	1	2	26
-1.77520877271845	60	1	2	26
-1.76222171668237	60	1	2	26
-1.74530060310674	61	1	2	26
-1.73690180163395	61	1	2	26
-1.72566971423974	61	1	2	26
-1.7095196096717	61	1	2	26
-1.70051086568363	61	1	2	26
-1.69200942493851	61	1	2	26
-1.68660267787377	61	1	2	26
-1.68300164707643	61	1	2	26
-1.67849219617449	61	1	2	26
-1.67724513281408	60	1	2	26
-1.67663138216713	60	1	2	26
-1.67418930395536	60	1	2	26
-1.66964072648008	60	1	2	26
-1.66676689317457	60	1	2	26
-1.66407213120957	60	1	2	26
-1.6589189029155	60	1	2	26
-1.65534573328477	60	1	2	26
-1.65246207960125	60	1	2	26
-1.64551988297837	60	1	2	26
-1.6407088907275	60	1	2	26
-1.63899619277447	60	1	2	26
-1.63485725895767	60	1	2	26
-1.63141954045981	60	1	2	26
-1.6259202887021	61	1	2	26
-1.6205564638645	61	1	2	26
-1.6084364927954	61	1	2	26
-1.58751211087714	62	1	2	26
-1.57692806617444	62	1	2	26
-1.57561034202923	62	1	2	26
-1.57194311037829	63	1	2	26
-1.5661863643506	63	1	2	26
-1.56182186103294	63	1	2	26
-1.55946781196151	63	1	2	26
-1.55764736900863	63	1	2	26
-1.55543427387051	63	1	2	26
-1.55277497392554	63	1	2	26
-1.54977631834237	63	1	2	26
-1.54693146589905	63	1	2	26
-1.54455664886875	63	1	2	26
-1.54270455500307	63	1	2	26
-1.53984548335793	63	1	2	26
-1.53535964708277	63	1	2	26
-1.53064190551332	63	1	2	26
-1.52860828392459	63	1	2	26
-1.5283739841105	63	1	2	26
-1.5249860037838	63	1	2	26
-1.52057684971545	63	1	2	26
-1.51893155071222	64	1	2	26
-1.51362635360251	64	1	2	26
-1.50434822689119	64	1	2	26
-1.49627372895839	64	1	2	26
-1.49194837119677	64	1	2	26
-1.48949442512245	65	1	2	26
-1.48365657426044	65	1	2	26
-1.47891336566182	65	1	2	26
-1.47581634855751	66	1	2	26
-1.47228290824899	66	1	2	26
-1.47061619243241	67	1	2	26
-1.4687280308255	67	1	2	26
-1.46699096934686	68	1	2	26
-1.46451804912656	68	1	2	26
-1.46187888349133	69	1	2	26
-1.45867263624551	69	1	2	26
-1.45353838006475	69	1	2	26
-1.45097085697838	69	1	2	26
-1.4465723534733	70	1	2	26
-1.43679201522612	70	1	2	26
-1.42286582847482	71	1	2	26
-1.41132990885457	71	1	2	26
-1.40271113132295	71	1	2	26
-1.39564081851602	71	1	2	26
-1.39297522506473	71	1	2	26
-1.39152806069895	71	1	2	26
-1.39011079959233	71	1	2	26
-1.38877422186749	71	1	2	26
-1.38789787769056	71	1	2	26
-1.38617062349119	72	1	2	26
-1.3842945517773	72	1	2	26
-1.37687911104406	72	1	2	26
-1.36859563515049	72	1	2	26
-1.3601272594826	72	1	2	26
-1.34818441368907	72	1	2	26
-1.34113653696804	72	1	2	26
-1.33776998682131	72	1	2	26
-1.33521574994576	72	1	2	26
-1.33388164442488	72	1	2	26
-1.33299506407266	73	1	2	26
-1.33120946397523	73	1	2	26
-1.32998879413248	73	1	2	26
-1.32792529727414	73	1	2	26
-1.32422168174743	73	1	2	26
-1.3178717791332	74	1	2	26
-1.31169299518222	74	1	2	26
-1.30752412243694	75	1	2	26
-1.30485620699728	76	1	2	26
-1.2979092806283	78	1	2	26
-1.28769876123496	78	1	2	26
-1.28303425589467	78	1	2	26
-1.28048049519901	78	1	2	26
-1.27923905747424	78	1	2	26
-1.27848220950174	79	1	2	26
-1.26965014657078	79	1	2	26
-1.25952975292101	79	1	2	26
-1.25582903795379	79	1	2	26
-1.25366854677575	79	1	2	26
-1.24577241105478	80	1	2	26
-1.23210639348709	80	1	2	26
-1.22526855720242	80	1	2	26
-1.22438796322421	80	1	2	26
-1.22201159445656	80	1	2	26
-1.21969323871116	80	1	2	26
-1.21642044866287	80	1	2	26
-1.21074248528585	79	1	2	26
-1.20590924657458	79	1	2	26
-1.20285821275908	79	1	2	26
-1.20201550954764	79	1	2	26
-1.20036756348298	78	1	2	26
-1.19806445933836	78	1	2	26
-1.1897299969459	78	1	2	26
-1.17571270880973	78	1	2	26
-1.16837572926665	78	1	2	26
-1.1594284742272	78	1	2	26
-1.14964796183709	78	1	2	26
-1.14733278620029	78	1	2	26
-1.14606977925382	79	1	2	26
-1.14019581800937	79	1	2	26
-1.13259352538305	79	1	2	26
-1.12816325979388	79	1	2	26
-1.12469202966102	79	1	2	26
-1.11474408770857	79	1	2	26
-1.10478327462729	79	1	2	26
-1.09569082019414	79	1	2	26
-1.08788592476596	80	1	2	26
-1.08620227013035	81	1	2	26
-1.08390615181814	81	1	2	26
-1.08251529507837	81	1	2	26
-1.08135355545828	81	1	2	26
-1.07901058875102	82	1	2	26
-1.07510638929605	82	1	2	26
-1.07206127616442	82	1	2	26
-1.06795283259421	83	1	2	26
-1.06328927935975	84	1	2	26
-1.06125605500168	84	1	2	26
-1.05755792115157	84	1	2	26
-1.05259023956256	84	1	2	26
-1.05014434953776	84	1	2	26
-1.04851816831082	85	1	2	26
-1.04656135696024	85	1	2	26
-1.04459077431862	85	1	2	26
-1.04303366829399	87	1	2	26
-1.04128738089807	87	1	2	26
-1.03769297407346	87	1	2	26
-1.0308539839946	87	1	2	26
-1.02630702480772	87	1	2	26
-1.02474342486782	87	1	2	26
-1.01904724795688	87	1	2	26
-1.01476184241806	87	1	2	26
-1.01397046303188	87	1	2	26
-1.00832360306358	87	1	2	26
-1.00317325296542	88	1	2	26
-1.00207618327688	90	1	2	26
-0.999493332980212	90	1	2	26
-0.995079971759251	90	1	2	26
-0.991532677636016	90	1	2	26
-0.990174500605785	90	1	2	26
-0.988361547584155	90	1	2	26
-0.98680350436788	91	1	2	26
-0.984420086853082	91	1	2	26
-0.982109990996197	91	1	2	26
-0.97808811714563	91	1	2	26
-0.9725159112099	91	1	2	26
-0.968656217912505	92	1	2	26
-0.966177043761935	92	1	2	26
-0.962936271816995	92	1	2	26
-0.956588884382059	92	1	2	26
-0.950727702422335	93	1	2	26
-0.936510283769702	94	1	2	26
-0.919941971701652	94	1	2	26
-0.905888631228877	94	1	2	26
-0.89614570004083	94	1	2	26
-0.89468347798498	94	1	2	26
-0.89342952608298	94	1	2	26
-0.891087518436555	94	1	2	26
-0.888481426810118	94	1	2	26
-0.887942721457267	95	1	2	26
-0.885394475328122	95	1	2	26
-0.880582392344822	95	1	2	26
-0.877523686097675	95	1	2	26
-0.875848757494403	97	1	2	26
-0.874494707950586	97	1	2	26
-0.873606060418618	97	1	2	26
-0.872878026416561	97	1	2	26
-0.872414889789397	97	1	2	26
-0.8701532624479	97	1	2	26
-0.862917980832868	97	1	2	26
-0.852617945781964	97	1	2	26
-0.846961440668169	97	1	2	26
-0.846179159790949	97	1	2	26
-0.839842809030232	97	1	2	26
-0.830833047475639	97	1	2	26
-0.827451986713605	97	1	2	26
-0.826650611547459	97	1	2	26
-0.82632566708355	96	1	2	26
-0.826267203108688	94	1	2	26
-0.825364482274958	92	1	2	26
-0.823718006801936	92	1	2	26
-0.822800292322053	91	1	2	26
-0.82259144279962	90	1	2	26
-0.822475362246477	89	1	2	26
-0.821477740150384	89	1	2	26
-0.819945136284727	88	1	2	26
-0.819168798125553	88	1	2	26
-0.818008976793823	87	1	2	26
-0.808825673496322	86	1	2	26
-0.799862145480962	85	1	2	26
-0.796166064476732	84	1	2	26
-0.791217822838354	83	1	2	26
-0.787050132050188	82	1	2	26
-0.78037489471015	81	1	2	26
-0.771237766347752	81	1	2	26
-0.761574849485054	80	1	2	26
-0.756171017288427	78	1	2	26
-0.754928849663807	77	1	2	26
-0.752093040580142	76	1	2	26
-0.748433846601805	76	1	2	26
-0.746138015940054	75	1	2	26
-0.744515598371798	74	1	2	26
-0.742201094976423	74	1	2	26
-0.740724491959306	73	1	2	26
-0.738847814429858	72	1	2	26
-0.735273347133134	72	1	2	26
-0.729219030222657	72	1	2	26
-0.723854065497143	72	1	2	26
-0.721159122284615	71	1	2	26
-0.719018004775305	70	1	2	26
-0.704334645311305	69	1	2	26
-0.688944282970378	68	1	2	26
-0.68546417714606	67	1	2	26
-0.680306302731852	66	1	2	26
-0.671160050433599	66	1	2	26
-0.664753724943892	66	1	2	26
-0.662188695274775	66	1	2	26
-0.656966250355827	66	1	2	26
-0.653918064328124	66	1	2	26
-0.653805317888727	65	1	2	26
-0.648483601900497	64	1	2	26
-0.636454011905632	63	1	2	26
-0.629274228165212	63	1	2	26
-0.623825025417217	63	1	2	26
-0.617240577277344	63	1	2	26
-0.614695041255979	62	1	2	26
-0.611009762570639	62	1	2	26
-0.60582464409307	61	1	2	26
-0.598738684099406	61	1	2	26
-0.59123506681825	60	1	2	26
-0.586746718306257	59	1	2	26
-0.582459831262497	58	1	2	26
-0.578977920302648	57	1	2	26
-0.5767766991115	56	1	2	26
-0.572248551534602	56	1	2	26
-0.563938595701636	55	1	2	26
-0.558244912604024	55	1	2	26
-0.554025248774088	54	1	2	26
-0.549762037770607	53	1	2	26
-0.544540128694718	53	1	2	26
-0.53787849893329	53	1	2	26
-0.530778033690956	52	1	2	26
-0.521913555123038	52	1	2	26
-0.508912687890033	51	1	2	26
-0.49696719175776	51	1	2	26
-0.492615637027377	50	1	2	26
-0.490550914393581	49	1	2	26
-0.483135570575749	48	1	2	26
-0.462756411688094	51	1	2	26
-0.435599472338942	51	1	2	26
-0.420376084890727	51	1	2	26
-0.41794665543277	50	1	2	26
-0.411066698582121	53	1	2	26
-0.400028168461075	52	1	2	26
-0.39125652132765	51	1	2	26
-0.386042043589007	50	1	2	26
-0.383948733052102	50	1	2	26
-0.379861865413358	51	1	2	26
-0.374683930413493	50	1	2	26
-0.369056350122265	50	1	2	26
-0.362477243283998	50	1	2	26
-0.353046682512245	53	1	2	26
-0.344934062367266	53	1	2	26
-0.339654847542804	54	1	2	26
-0.322846819665799	53	1	2	26
-0.303193830699129	52	1	2	26
-0.295671684267377	51	1	2	26
-0.292458788881264	50	1	2	26
-0.289710190264271	50	1	2	26
-0.282643218823027	49	1	2	26
-0.264698491987422	48	1	2	26
-0.244214454070501	47	1	2	26
-0.23160360347359	47	1	2	26
-0.228233485067484	47	1	2	26
-0.224656330388957	47	1	2	26
-0.22065575779677	46	1	2	26
-0.218703350444533	46	1	2	26
-0.214084219816082	45	1	2	26
-0.195126454700742	45	1	2	26
-0.178695944311379	45	1	2	26
-0.177698322215287	45	1	2	26
-0.175383057679888	46	1	2	26
-0.163920539075271	46	1	2	26
-0.152144194436636	44	1	2	26
-0.146278983429841	45	1	2	26
-0.138571701541198	45	1	2	26
-0.131497173297743	45	1	2	26
-0.128214100222666	45	1	2	26
-0.11535641229789	44	1	2	26
-0.101349830369879	43	1	2	26
-0.091975840304082	43	1	2	26
-0.0720810501261795	43	1	2	26
-0.0554951567767521	46	1	2	26
-0.0480130630281934	45	1	2	26
-0.0387632279013257	45	1	2	26
-0.0222228253513395	45	1	2	26
-0.00919412380573537	45	1	2	26
-0.000441503991152281	46	1	2	26
0.0177425385208538	46	1	2	26
0.0319557151270526	46	1	2	26
0.0349518126488517	44	1	2	26
0.036595428224202	44	1	2	26
0.0435189264994254	43	1	2	26
0.0521225588734904	42	1	2	26
0.0607612445321974	42	1	2	26
0.0686784354437915	42	1	2	26
0.075805834058877	42	1	2	26
0.0816384100707577	42	1	2	26
0.0824381206193667	42	1	2	26
0.0893783892226718	41	1	2	26
0.0994083972302446	40	1	2	26
0.112128905172675	40	1	2	26
0.128685753158015	40	1	2	26
0.141061316947892	41	1	2	26
0.147120586770372	41	1	2	26
0.150325103846876	40	1	2	26
0.153506413214082	39	1	2	26
0.15929358798578	39	1	2	26
0.175817825722205	36	1	2	26
0.191249271506099	36	1	2	26
0.196278995173913	36	1	2	26
0.198795980060408	36	1	2	26
0.200269145494046	35	1	2	26
0.208977748230677	36	1	2	26
0.229147248166456	36	1	2	26
0.247482706523018	36	1	2	26
0.260114961746126	38	1	2	26
0.271872704960678	38	1	2	26
0.279779393713277	37	1	2	26
0.288519930222435	37	1	2	26
0.295671684267377	37	1	2	26
0.296583525382503	37	1	2	26
0.304790950556275	37	1	2	26
0.322952605471174	37	1	2	26
0.334398169264072	36	1	2	26
0.341920205823355	36	1	2	26
0.3501344774669	36	1	2	26
0.370994824050443	36	1	2	26
0.391328951347783	35	1	2	26
0.405472849540246	34	1	2	26
0.421978282327215	34	1	2	26
0.436279796973985	31	1	2	26
0.458256340606358	31	1	2	26
0.471159122284615	31	1	2	26
0.481387374208453	31	1	2	26
0.509141422056763	33	1	2	26
0.531617364962427	33	1	2	26
0.54091139301277	36	1	2	26
0.579876674014688	36	1	2	26
0.613703740239296	36	1	2	26
0.633579241809033	33	1	2	26
0.65988255096054	33	1	2	26
0.673091947994612	32	1	2	26
0.682298850854573	32	1	2	26
0.695869464460463	32	1	2	26
0.716532669694073	32	1	2	26
0.73363214214065	32	1	2	26
0.747086183629374	32	1	2	26
0.77347138245005	32	1	2	26
0.801722306915623	30	1	2	26
0.811956349958538	30	1	2	26
0.823987478664011	30	1	2	26
0.846588852034865	30	1	2	26
0.865557019853433	30	1	2	26
0.872899828084885	32	1	2	26
0.886152374482557	30	1	2	26
0.916001025240644	31	1	2	26
0.933985695740965	31	1	2	26
0.937548833317858	34	1	2	26
0.944606854912177	34	1	2	26
0.94949700793065	34	1	2	26
0.952123078602439	35	1	2	26
0.958350407669763	35	1	2	26
0.963898926967025	35	1	2	26
0.991537661745546	35	1	2	26
1.02523171562671	35	1	2	26
1.03853075372123	37	1	2	26
1.04780102135512	37	1	2	26
1.07632203849761	37	1	2	26
1.10361821600481	37	1	2	26
1.11591933047989	37	1	2	26
1.13137907543175	38	1	2	26
1.15309505217732	35	1	2	26
1.18601155625208	33	1	2	26
1.20917987113693	33	1	2	26
1.22436422096672	33	1	2	26
1.23319959461077	31	1	2	26
1.23549158554724	31	1	2	26
1.23911290827007	31	1	2	26
1.25386563082534	31	1	2	26
1.26873794976565	31	1	2	26
1.27844322707627	31	1	2	26
1.31062215597228	28	1	2	26
1.34337340757777	25	1	2	26
1.36037261453023	19	1	2	26
1.37636883755868	19	1	2	26
1.39026986802177	16	1	2	26
1.40271078728965	16	1	2	26
1.41500302625295	16	1	2	26
1.43793448010162	16	1	2	26
1.45511202059925	16	1	2	26
1.46297884276614	18	1	2	26
1.47853177805173	18	1	2	26
1.4879913865169	20	1	2	26
1.49436812461905	20	1	2	26
1.51072575890823	20	1	2	26
1.52399764881193	20	1	2	26
1.52791674352667	21	1	2	26
1.53277881791795	23	1	2	26
1.53940811933556	23	1	2	26
1.56033343961355	21	1	2	26
1.5809339260193	21	1	2	26
1.58560580587343	21	1	2	26
1.59894503206601	22	1	2	26
1.61614664490715	22	1	2	26
1.62557648278727	23	1	2	26
1.66233923639226	23	1	2	26
1.70559461946619	23	1	2	26
1.7176266652393	25	1	2	26
1.72074244780725	25	1	2	26
1.74244693733477	22	1	2	26
1.79378495956503	22	1	2	26
1.82688897193487	22	1	2	26
1.82893805066105	24	1	2	26
1.83364308335548	24	1	2	26
1.85732022696696	24	1	2	26
1.8903336172395	24	1	2	26
1.90557747711458	27	1	2	26
1.90772625917569	27	1	2	26
1.91367206794176	24	1	2	26
1.94246056935685	24	1	2	26
1.97721879016207	24	1	2	26
1.99401058283965	24	1	2	26
2.00024977734636	24	1	2	26
2.0063014066672	24	1	2	26
2.01559748431517	24	1	2	26
2.0408081526291	24	1	2	26
2.07362048573831	24	1	2	26
2.11987657388066	25	1	2	26
2.15860307240924	20	1	2	26
2.17031143072546	20	1	2	26
2.19236964741226	21	1	2	26
2.2132317684085	21	1	2	26
2.23535484242865	21	1	2	26
2.26765505813703	21	1	2	26
2.29429558674589	19	1	2	26
2.32321178054996	19	1	2	26
2.34700983571773	19	1	2	26
2.36453453458568	19	1	2	26
2.38185880144483	19	1	2	26
2.4018002958322	17	1	2	26
2.43881771997172	17	1	2	26
2.4649510597174	17	1	2	26
2.46983042444107	17	1	2	26
2.47264328956888	16	1	2	26
2.47563695868132	16	1	2	26
2.48361529197378	16	1	2	26
2.49261563702738	16	1	2	26
2.50620553906669	16	1	2	26
2.53306990035875	16	1	2	26
2.54978504558465	16	1	2	26
2.5523024124356	16	1	2	26
2.56640300230605	16	1	2	26
2.58501320202467	16	1	2	26
2.5921788764075	16	1	2	26
2.60208304622111	19	1	2	26
2.61587285952798	19	1	2	26
2.62299325524672	19	1	2	26
2.63476653078501	19	1	2	26
2.65174791167112	19	1	2	26
2.66117788543778	17	1	2	26
2.66829343888898	17	1	2	26
2.686194423694	17	1	2	26
2.70253176145528	17	1	2	26
2.70771780594702	17	1	2	26
2.71094037796541	17	1	2	26
2.7119920319676	17	1	2	26
2.71536963085516	14	1	2	26
2.73709008556855	15	1	2	26
2.75795989408857	15	1	2	26
2.76446233318918	15	1	2	26
2.77053619131926	15	1	2	26
2.77517841969619	13	1	2	26
2.78150388344221	13	1	2	26
2.78948558938651	13	1	2	26
2.80667135822541	10	1	2	26
2.83389781986947	10	1	2	26
2.85371626443391	10	1	2	26
2.87002520351087	10	1	2	26
2.88790710988164	10	1	2	26
2.89983868536833	10	1	2	26
2.96082071385999	10	1	2	26
3.02340175523976	10	1	2	26
3.04964203874207	10	1	2	26
3.07873665976951	10	1	2	26
3.09670738007764	10	1	2	26
3.10667212741037	10	1	2	26
3.12562952359103	10	1	2	26
3.14978674299407	10	1	2	26
3.16682751560866	10	1	2	26
3.19237877350078	10	1	2	26
3.21030823917705	7	1	2	26
3.22396792829112	7	1	2	26
3.23685536992636	7	1	2	26
3.24270484442744	7	1	2	26
3.29251586575292	7	1	2	26
3.34807397523248	7	1	2	26
3.36072823402141	7	1	2	26
3.39035602030908	7	1	2	26
3.44309772552869	7	1	2	26
3.49335161424269	5	1	2	26
3.55749592149355	4	1	2	26
3.61466578116099	4	1	2	26
3.6611238595769	3	1	2	26
3.694925715656	3	1	2	26
3.74292928387975	3	1	2	26
3.81753223756823	3	1	2	26
3.8837773482031	3	1	2	26
3.94486601308577	3	1	2	26
4.11073450881574	3	1	2	26
4.44645170824154	0	1	2	26
12.0255107838507	0	1	2	26
